L8N0649,LaptopC6,Laptop,340
L8N0649,LaptopA9,Laptop,450
L8N0649,LaptopI7,Laptop,550
L8N0649,Laptop78,Laptop,20
L7B6430,Laptop'SBatteryT2,Laptop'S Battery,310
L504L71,LaptopPowerAdapter37,Laptop Power Adapter,290
L504L71,LaptopPowerAdapterD3,Laptop Power Adapter,170
L17546O,LaptopDockingStation94,Laptop Docking Station,240
L17546O,LaptopDockingStation45,Laptop Docking Station,560
L17546O,LaptopDockingStationF9,Laptop Docking Station,890
L17546O,LaptopDockingStationQ9,Laptop Docking Station,940
NY39107,NotebookFilmY0,Notebook Film,960
NY39107,NotebookFilmZ1,Notebook Film,640
NY39107,NotebookFilm95,Notebook Film,120
L7P4035,LaptopDesk43,Laptop Desk,240
L7P4035,LaptopDesk45,Laptop Desk,80
L7P4035,LaptopDesk56,Laptop Desk,770
N62Z458,NotebookAccessoriesA7,Notebook Accessories,570
N62Z458,NotebookAccessories35,Notebook Accessories,410
N62Z458,NotebookAccessoriesA4,Notebook Accessories,280
N62Z458,NotebookAccessoriesA6,Notebook Accessories,790
N62Z458,NotebookAccessories20,Notebook Accessories,520
N13J804,NotebookCase47,Notebook Case,70
N13J804,NotebookCaseF3,Notebook Case,900
N13J804,NotebookCaseP4,Notebook Case,430
N13J804,NotebookCaseZ1,Notebook Case,550
N13J804,NotebookCase03,Notebook Case,390
L8930C4,LaptopDisplay24,Laptop Display,900
L8930C4,LaptopDisplayF0,Laptop Display,200
T035M47,Tablet90,Tablet,950
T035M47,TabletD9,Tablet,780
T035M47,TabletU8,Tablet,250
T035M47,Tablet82,Tablet,670
T035M47,TabletQ7,Tablet,500
T1239W5,TabletBag62,Tablet Bag,320
T1239W5,TabletBagG4,Tablet Bag,880
T38951Z,TabletCase05,Tablet Case,350
T95761U,TabletBase60,Tablet Base,910
T95761U,TabletBase04,Tablet Base,670
T95761U,TabletBaseW5,Tablet Base,660
FK39705,FlatFilm27,Flat Film,430
FK39705,FlatFilmT9,Flat Film,930
FK39705,FlatFilm07,Flat Film,610
FK39705,FlatFilm91,Flat Film,380
FK39705,FlatFilm23,Flat Film,90
CZ28413,CarEquipment85,Car Equipment,990
CZ28413,CarEquipmentS3,Car Equipment,380
CZ28413,CarEquipment58,Car Equipment,780
CZ28413,CarEquipment35,Car Equipment,730
CZ28413,CarEquipment57,Car Equipment,640
C186H47,ConnectingLine29,Connecting Line,200
C186H47,ConnectingLine92,Connecting Line,580
C186H47,ConnectingLine54,Connecting Line,150
C186H47,ConnectingLine13,Connecting Line,470
O853L07,OtherAccessoriesQ9,Other Accessories,540
D0Q2543,DesktopPc74,Desktop Pc,890
D0Q2543,DesktopPc78,Desktop Pc,260
D0Q2543,DesktopPcP3,Desktop Pc,790
D0Q2543,DesktopPcZ6,Desktop Pc,920
D0Q2543,DesktopPc48,Desktop Pc,270
A31Y204,AllInOneComputerT0,All In One Computer,840
W9718W3,WorkstationU5,Workstation,60
W9718W3,Workstation06,Workstation,490
W9718W3,WorkstationQ9,Workstation,430
C7826A5,ComputerRemoteControlN5,Computer Remote Control,230
C7826A5,ComputerRemoteControl02,Computer Remote Control,640
C7826A5,ComputerRemoteControlG0,Computer Remote Control,790
B306F21,Barebones71,Barebones,960
I94V518,IndustrialControlEquipment60,Industrial Control Equipment,620
I94V518,IndustrialControlEquipment34,Industrial Control Equipment,350
I94V518,IndustrialControlEquipmentB7,Industrial Control Equipment,320
ML18593,Minicomputer24,Minicomputer,440
C1F0953,ComputerFingerprintEncryptionLockE3,Computer Fingerprint Encryption Lock,100
C1F0953,ComputerFingerprintEncryptionLock04,Computer Fingerprint Encryption Lock,370
C1F0953,ComputerFingerprintEncryptionLock83,Computer Fingerprint Encryption Lock,570
CG63821,ComputerTerminal43,Computer Terminal,360
MR46392,MobilePhone56,Mobile Phone,410
MR46392,MobilePhone49,Mobile Phone,340
MR46392,MobilePhoneJ2,Mobile Phone,440
C681E75,CellPhoneBattery21,Cell Phone Battery,710
M40V792,MobilePhoneCharger07,Mobile Phone Charger,10
M40V792,MobilePhoneChargerF9,Mobile Phone Charger,10
M40V792,MobilePhoneChargerD7,Mobile Phone Charger,510
C7G8396,CellphoneDataLine26,Cellphone Data Line,450
C7G8396,CellphoneDataLineP5,Cellphone Data Line,350
C7G8396,CellphoneDataLine14,Cellphone Data Line,540
M9P8604,MobilePhoneStylus63,Mobile Phone Stylus,690
M9P8604,MobilePhoneStylusX9,Mobile Phone Stylus,790
M70628E,MobilePhoneBaseX8,Mobile Phone Base,580
M0467E1,MobilePhoneFilm18,Mobile Phone Film,740
M0467E1,MobilePhoneFilmZ7,Mobile Phone Film,860
M0467E1,MobilePhoneFilm78,Mobile Phone Film,500
M0467E1,MobilePhoneFilmH3,Mobile Phone Film,220
A273M51,Anti-SlipMobilePhoneP9,Anti-Slip Mobile Phone,820
A273M51,Anti-SlipMobilePhoneP4,Anti-Slip Mobile Phone,900
A273M51,Anti-SlipMobilePhone15,Anti-Slip Mobile Phone,380
A273M51,Anti-SlipMobilePhone26,Anti-Slip Mobile Phone,770
A273M51,Anti-SlipMobilePhone87,Anti-Slip Mobile Phone,690
M79W815,MobilePhoneCarAccessories90,Mobile Phone Car Accessories,390
M79W815,MobilePhoneCarAccessoriesW6,Mobile Phone Car Accessories,60
M79W815,MobilePhoneCarAccessoriesR1,Mobile Phone Car Accessories,640
M79W815,MobilePhoneCarAccessories21,Mobile Phone Car Accessories,420
MG73026,MobilePhoneCompanion86,Mobile Phone Companion,300
MG73026,MobilePhoneCompanionI6,Mobile Phone Companion,620
G21467A,GpsE3,Gps,810
G21467A,GpsI3,Gps,590
G21467A,Gps21,Gps,290
G21467A,Gps07,Gps,250
P7604Q5,Pbx05,Pbx,980
P7604Q5,Pbx69,Pbx,770
P7604Q5,Pbx06,Pbx,120
P7604Q5,Pbx97,Pbx,200
P7604Q5,PbxW9,Pbx,220
W318D96,Walkie-TalkieI5,Walkie-Talkie,880
W318D96,Walkie-Talkie31,Walkie-Talkie,340
T0X9417,TelephoneM2,Telephone,870
T0X9417,TelephoneU9,Telephone,640
T0X9417,TelephoneH7,Telephone,380
T0X9417,Telephone67,Telephone,600
V6Q9754,VoiceRecording38,Voice Recording,310
V6Q9754,VoiceRecording52,Voice Recording,560
V6Q9754,VoiceRecordingL5,Voice Recording,430
V6Q9754,VoiceRecordingR0,Voice Recording,640
O032T69,OnlineTelephone15,Online Telephone,180
O032T69,OnlineTelephoneO8,Online Telephone,380
T540P67,TelephoneConferenceY7,Telephone Conference,240
T540P67,TelephoneConference05,Telephone Conference,160
T540P67,TelephoneConferenceI1,Telephone Conference,1000
P1D2567,PhoneVoiceCardC4,Phone Voice Card,780
C8739R1,CallCenterC9,Call Center,150
P6O1843,Pager17,Pager,210
D50A198,DigitalCamera56,Digital Camera,60
D50A198,DigitalCameraS4,Digital Camera,700
D50A198,DigitalCamera90,Digital Camera,510
D50A198,DigitalCamera75,Digital Camera,990
D8560Q1,DigitalCamera85,Digital Camera,970
LO12047,LensQ4,Lens,190
LO12047,LensD7,Lens,450
LO12047,LensI9,Lens,910
F6L2495,FlashCard87,Flash Card,410
F6L2495,FlashCard95,Flash Card,660
F6L2495,FlashCardU8,Flash Card,830
F6L2495,FlashCardG3,Flash Card,120
C741G20,CardReader59,Card Reader,920
C741G20,CardReaderQ9,Card Reader,760
C741G20,CardReaderQ0,Card Reader,240
C741G20,CardReaderL3,Card Reader,690
C58G293,CameraFilm45,Camera Film,20
C58G293,CameraFilmO0,Camera Film,860
C58G293,CameraFilmQ3,Camera Film,290
FJ71643,Filter19,Filter,480
FJ71643,Filter91,Filter,860
T75D268,TripodF5,Tripod,110
T75D268,Tripod50,Tripod,870
H089L35,HoodP6,Hood,830
H089L35,Hood15,Hood,990
H089L35,HoodB4,Hood,80
H089L35,HoodX9,Hood,270
F790I64,Flash95,Flash,390
F790I64,FlashU8,Flash,900
F76983D,FlashAccessories02,Flash Accessories,930
F76983D,FlashAccessories41,Flash Accessories,360
F76983D,FlashAccessories76,Flash Accessories,420
F76983D,FlashAccessories19,Flash Accessories,930
C3752Y9,CameraBattery09,Camera Battery,300
C3752Y9,CameraBatteryO2,Camera Battery,750
C3752Y9,CameraBattery26,Camera Battery,60
C3752Y9,CameraBattery40,Camera Battery,730
C48967S,ChargerD9,Charger,850
C48967S,Charger07,Charger,210
C48967S,Charger01,Charger,850
C48967S,ChargerF5,Charger,680
C48967S,ChargerU3,Charger,790
C37A594,CameraBag51,Camera Bag,400
C37A594,CameraBagX6,Camera Bag,880
C37A594,CameraBagI1,Camera Bag,530
C37A594,CameraBagA2,Camera Bag,340
P4052D1,PhotoBox56,Photo Box,910
P4052D1,PhotoBoxP3,Photo Box,120
P4052D1,PhotoBox94,Photo Box,10
P4052D1,PhotoBoxU2,Photo Box,450
P4052D1,PhotoBox60,Photo Box,300
A794O23,AdapterRing70,Adapter Ring,350
A794O23,AdapterRing49,Adapter Ring,160
L903I17,LensCapR5,Lens Cap,360
L903I17,LensCapU7,Lens Cap,30
L903I17,LensCap93,Lens Cap,280
L903I17,LensCapN9,Lens Cap,450
VM86749,ViewfinderL1,Viewfinder,840
S1490W6,ShutterReleaseP4,Shutter Release,720
S956G17,SlrHandle74,Slr Handle,350
S956G17,SlrHandleU6,Slr Handle,160
C98142A,CameraRemoteO4,Camera Remote,310
C98142A,CameraRemoteK4,Camera Remote,570
F9N8470,FocusingScreenU7,Focusing Screen,920
F9N8470,FocusingScreenP9,Focusing Screen,410
F9N8470,FocusingScreenU5,Focusing Screen,90
F9N8470,FocusingScreenR8,Focusing Screen,770
F9N8470,FocusingScreenU8,Focusing Screen,520
C46258Y,CleaningAndMaintenance12,Cleaning And Maintenance,740
C46258Y,CleaningAndMaintenanceD0,Cleaning And Maintenance,940
C46258Y,CleaningAndMaintenanceY4,Cleaning And Maintenance,610
C46258Y,CleaningAndMaintenanceE5,Cleaning And Maintenance,810
C6C1543,ColorManagementX0,Color Management,780
B8E1796,Binoculars12,Binoculars,400
B8E1796,BinocularsJ1,Binoculars,90
M8I1749,MonocularC0,Monocular,940
M8I1749,Monocular54,Monocular,560
M8I1749,MonocularY1,Monocular,490
M8I1749,Monocular31,Monocular,680
TU23769,Telescope92,Telescope,220
TU23769,TelescopeL9,Telescope,280
TU23769,Telescope03,Telescope,370
M713N46,MicroscopeU0,Microscope,30
M2589S0,Mp3A1,Mp3,990
M9J6453,Mp4Z2,Mp4,650
M9J6453,Mp437,Mp4,780
M9J6453,Mp4O7,Mp4,530
M9J6453,Mp4C9,Mp4,120
M9J6453,Mp405,Mp4,720
D0W8356,DigitalMobileTvZ2,Digital Mobile Tv,380
D0W8356,DigitalMobileTv84,Digital Mobile Tv,420
D0W8356,DigitalMobileTv28,Digital Mobile Tv,530
D0W8356,DigitalMobileTvO8,Digital Mobile Tv,290
D0W8356,DigitalMobileTvH2,Digital Mobile Tv,870
E895N12,EarphoneV5,Earphone,580
E895N12,EarphoneP5,Earphone,310
E895N12,Earphone49,Earphone,40
E895N12,Earphone27,Earphone,790
U198C32,UDisk10,U Disk,530
U198C32,UDiskJ7,U Disk,830
U198C32,UDiskY8,U Disk,190
U198C32,UDiskK0,U Disk,660
M2348K0,MobileHardDisk72,Mobile Hard Disk,820
M2348K0,MobileHardDisk42,Mobile Hard Disk,110
E7R6098,E-Book16,E-Book,270
E7R6098,E-BookF8,E-Book,760
E7R6098,E-BookD6,E-Book,890
E7R6098,E-Book87,E-Book,680
R7248S9,RecordingPenM2,Recording Pen,560
R7248S9,RecordingPenR9,Recording Pen,280
R7248S9,RecordingPenA3,Recording Pen,860
C91D367,Camera95,Camera,960
C91D367,Camera35,Camera,520
MR92570,MicrophoneDigitalCompanion60,Microphone Digital Companion,950
MR92570,MicrophoneDigitalCompanion64,Microphone Digital Companion,160
MR92570,MicrophoneDigitalCompanionX4,Microphone Digital Companion,960
MR92570,MicrophoneDigitalCompanionF7,Microphone Digital Companion,680
D68950Z,DigitalFrame48,Digital Frame,340
D68950Z,DigitalFrameE7,Digital Frame,900
D68950Z,DigitalFrame12,Digital Frame,820
P09Y825,PocketPcN8,Pocket Pc,730
P09Y825,PocketPc24,Pocket Pc,380
P09Y825,PocketPc54,Pocket Pc,650
P09Y825,PocketPcE0,Pocket Pc,240
P09Y825,PocketPcV3,Pocket Pc,530
E6N2308,ElectronicDictionaryG3,Electronic Dictionary,340
E6N2308,ElectronicDictionary86,Electronic Dictionary,590
E6N2308,ElectronicDictionary67,Electronic Dictionary,570
R58049A,ReadingMachine54,Reading Machine,690
R58049A,ReadingMachineQ3,Reading Machine,880
RZ42653,RepeaterK4,Repeater,320
RZ42653,RepeaterV9,Repeater,170
M97X845,MobilePowerN6,Mobile Power,170
M97X845,MobilePowerK1,Mobile Power,950
M97X845,MobilePowerV4,Mobile Power,80
M97X845,MobilePowerO4,Mobile Power,290
M97X845,MobilePower20,Mobile Power,40
M4329T8,Multimedia49,Multimedia,530
M4329T8,Multimedia39,Multimedia,810
H8713D4,HardDiskRecordingT5,Hard Disk Recording,170
H8713D4,HardDiskRecording82,Hard Disk Recording,260
DD18704,DigitalAccessoriesD7,Digital Accessories,440
DD18704,DigitalAccessoriesL9,Digital Accessories,270
M5809H7,MotherboardA2,Motherboard,900
M5809H7,MotherboardZ4,Motherboard,670
M5809H7,MotherboardP7,Motherboard,890
G70Z416,GraphicsCardC0,Graphics Card,290
C02614Q,Cpu60,Cpu,320
C02614Q,Cpu68,Cpu,410
C02614Q,Cpu37,Cpu,840
C02614Q,Cpu38,Cpu,620
R6K1395,Ram93,Ram,560
R6K1395,RamZ7,Ram,590
R6K1395,RamY9,Ram,600
H5684K7,HardDiskA7,Hard Disk,500
CN93120,Chassis83,Chassis,720
CN93120,ChassisZ1,Chassis,60
P968H24,PowerSupply63,Power Supply,600
H64578X,HeatSink10,Heat Sink,800
H64578X,HeatSink24,Heat Sink,400
H64578X,HeatSink95,Heat Sink,520
S36N209,Ssd50,Ssd,90
S36N209,Ssd73,Ssd,210
CO19853,Cd-Rom67,Cd-Rom,540
CO19853,Cd-Rom02,Cd-Rom,630
S03485W,SoundCardE9,Sound Card,740
S03485W,SoundCard61,Sound Card,30
S03485W,SoundCard93,Sound Card,10
L5T1069,LcdMonitor47,Lcd Monitor,320
S8104Z6,Speaker30,Speaker,900
S8104Z6,Speaker31,Speaker,480
K62879Z,KeyboardAndMouseSet90,Keyboard And Mouse Set,100
K62879Z,KeyboardAndMouseSet74,Keyboard And Mouse Set,620
K62879Z,KeyboardAndMouseSetF3,Keyboard And Mouse Set,600
K62879Z,KeyboardAndMouseSet73,Keyboard And Mouse Set,810
M6328D7,MouseB8,Mouse,710
M6328D7,Mouse12,Mouse,630
M6328D7,Mouse94,Mouse,680
M6328D7,MouseG8,Mouse,990
K7458M2,KeyboardS0,Keyboard,490
K7458M2,Keyboard28,Keyboard,420
M489T70,MousePad98,Mouse Pad,350
ME59832,MouseFootStickerK1,Mouse Foot Sticker,490
H4239U1,HandwritingInputE9,Handwriting Input,720
S93N807,SpeakerAccessories69,Speaker Accessories,690
S93N807,SpeakerAccessoriesG0,Speaker Accessories,490
S93N807,SpeakerAccessoriesB0,Speaker Accessories,240
S93N807,SpeakerAccessories96,Speaker Accessories,660
B189A57,BluetoothAdapter64,Bluetooth Adapter,300
B189A57,BluetoothAdapterL1,Bluetooth Adapter,440
B189A57,BluetoothAdapterP2,Bluetooth Adapter,170
M328K91,MonitorF1,Monitor,50
M328K91,Monitor84,Monitor,450
M328K91,MonitorU9,Monitor,840
M328K91,Monitor57,Monitor,890
M328K91,MonitorB2,Monitor,480
H9842K1,HardDisk52,Hard Disk,100
I79Y023,InfraredAdapterS3,Infrared Adapter,820
V56301I,VideoCaptureCard04,Video Capture Card,470
V56301I,VideoCaptureCard83,Video Capture Card,440
V56301I,VideoCaptureCard60,Video Capture Card,710
H239M48,HardDisk51,Hard Disk,300
CF29758,Cd-RomBox81,Cd-Rom Box,620
CF29758,Cd-RomBox87,Cd-Rom Box,460
CF29758,Cd-RomBox49,Cd-Rom Box,720
CM46520,CableAdapterCardN9,Cable Adapter Card,10
C2F0671,CdX0,Cd,10
C2F0671,Cd49,Cd,730
C2F0671,Cd24,Cd,910
C2F0671,Cd95,Cd,450
C2F0671,Cd74,Cd,420
M320L69,MotherboardChipsetK8,Motherboard Chipset,780
M320L69,MotherboardChipsetY5,Motherboard Chipset,50
DE13695,DisplayChipB4,Display Chip,270
L891S65,LcdTv45,Lcd Tv,630
L891S65,LcdTvS3,Lcd Tv,520
L891S65,LcdTvV7,Lcd Tv,930
L891S65,LcdTvG1,Lcd Tv,150
P15647X,PlasmaTv10,Plasma Tv,880
T28310Y,TvHanger86,Tv Hanger,250
T28310Y,TvHanger69,Tv Hanger,300
T67P542,TvBaseT6,Tv Base,300
T67P542,TvBaseR1,Tv Base,890
T67P542,TvBase65,Tv Base,600
T67P542,TvBaseP0,Tv Base,50
T67P542,TvBase30,Tv Base,740
R243J08,RemoteControlI4,Remote Control,710
R243J08,RemoteControlL3,Remote Control,490
R243J08,RemoteControl83,Remote Control,460
R243J08,RemoteControlU8,Remote Control,480
R243J08,RemoteControlJ8,Remote Control,200
HW53167,HomeTheater30,Home Theater,140
HW53167,HomeTheater94,Home Theater,250
WC49732,WirelessHdX1,Wireless Hd,510
WC49732,WirelessHd53,Wireless Hd,880
WC49732,WirelessHdC8,Wireless Hd,970
WC49732,WirelessHdS0,Wireless Hd,830
B56K283,Blu-RayPlayer63,Blu-Ray Player,420
B56K283,Blu-RayPlayerD5,Blu-Ray Player,950
B56K283,Blu-RayPlayerG1,Blu-Ray Player,180
DT47956,DvdPlayer78,Dvd Player,350
DT47956,DvdPlayerG0,Dvd Player,340
DT47956,DvdPlayer89,Dvd Player,400
TO87603,TvPlayer60,Tv Player,80
SL87069,SetTopBoxW7,Set Top Box,660
SL87069,SetTopBoxD3,Set Top Box,370
SL87069,SetTopBoxV1,Set Top Box,440
SL87069,SetTopBox78,Set Top Box,400
SL87069,SetTopBoxI0,Set Top Box,470
A02N847,AudioAndVideoCableP6,Audio And Video Cable,230
I436H05,InternetLivingRoomFitnessW4,Internet Living Room Fitness,570
A35J746,AirConditioner85,Air Conditioner,570
A35J746,AirConditionerF9,Air Conditioner,90
A35J746,AirConditioner27,Air Conditioner,830
A35J746,AirConditioner71,Air Conditioner,500
A35J746,AirConditioner38,Air Conditioner,760
W08294X,WashingMachine56,Washing Machine,420
R39U102,RefrigeratorZ7,Refrigerator,560
F9135R4,Freezer65,Freezer,720
F9135R4,FreezerP7,Freezer,80
F9135R4,Freezer85,Freezer,790
R796N84,RangeHood35,Range Hood,350
R796N84,RangeHoodO1,Range Hood,810
R796N84,RangeHoodI8,Range Hood,70
R796N84,RangeHoodE2,Range Hood,60
R796N84,RangeHoodC9,Range Hood,1000
G58A216,GasStoves79,Gas Stoves,210
R45327J,RiceCooker18,Rice Cooker,150
P6398B4,PressureCookerP8,Pressure Cooker,680
P6398B4,PressureCookerS7,Pressure Cooker,400
H7143H9,HotPotJ2,Hot Pot,310
H7143H9,HotPot14,Hot Pot,590
H7143H9,HotPot92,Hot Pot,190
H7143H9,HotPotI6,Hot Pot,120
I8206B5,InductionCookerD2,Induction Cooker,120
I8206B5,InductionCooker21,Induction Cooker,260
I8206B5,InductionCookerE7,Induction Cooker,870
M108M47,Micro-WaveOvenJ2,Micro-Wave Oven,250
EU82057,ElectricBakingPan74,Electric Baking Pan,950
EU82057,ElectricBakingPanN2,Electric Baking Pan,780
EU82057,ElectricBakingPanC6,Electric Baking Pan,850
D230D47,DishwasherM7,Dishwasher,530
D230D47,Dishwasher49,Dishwasher,230
D230D47,Dishwasher20,Dishwasher,670
D230D47,Dishwasher18,Dishwasher,720
DB83217,DisinfectionCabinetQ3,Disinfection Cabinet,990
DB83217,DisinfectionCabinetQ0,Disinfection Cabinet,780
DB83217,DisinfectionCabinetX2,Disinfection Cabinet,750
E9G8372,ExhaustFanD8,Exhaust Fan,20
W1473B8,WaterHeater94,Water Heater,880
W1473B8,WaterHeater40,Water Heater,60
W1473B8,WaterHeater57,Water Heater,290
W1473B8,WaterHeater71,Water Heater,520
S8465W1,SolarWaterHeatersU5,Solar Water Heaters,520
S8465W1,SolarWaterHeaters80,Solar Water Heaters,40
S8465W1,SolarWaterHeaters26,Solar Water Heaters,220
S8465W1,SolarWaterHeaters12,Solar Water Heaters,820
GC81302,GasWaterHeaterB3,Gas Water Heater,970
GC81302,GasWaterHeaterF8,Gas Water Heater,540
GC81302,GasWaterHeaterS7,Gas Water Heater,800
GC81302,GasWaterHeaterN7,Gas Water Heater,220
GC81302,GasWaterHeaterF4,Gas Water Heater,780
CC50327,CentralWaterHeaterI0,Central Water Heater,490
CC50327,CentralWaterHeaterV6,Central Water Heater,120
CC50327,CentralWaterHeaterX5,Central Water Heater,870
CC50327,CentralWaterHeater34,Central Water Heater,840
YS95071,Yuba80,Yuba,910
YS95071,YubaR4,Yuba,1000
YS95071,YubaE3,Yuba,250
YS95071,Yuba48,Yuba,980
T9T8140,ToasterElectricOven06,Toaster Electric Oven,620
T9T8140,ToasterElectricOvenX4,Toaster Electric Oven,480
T9T8140,ToasterElectricOvenB8,Toaster Electric Oven,560
T9T8140,ToasterElectricOvenO2,Toaster Electric Oven,380
T9T8140,ToasterElectricOven64,Toaster Electric Oven,630
E8T2037,ElectricHeaterP7,Electric Heater,890
E8T2037,ElectricHeaterE3,Electric Heater,270
E8T2037,ElectricHeater39,Electric Heater,490
E8T2037,ElectricHeaterR1,Electric Heater,350
A50L172,Air-ConditioningFan81,Air-Conditioning Fan,510
A50L172,Air-ConditioningFan79,Air-Conditioning Fan,480
A50L172,Air-ConditioningFan38,Air-Conditioning Fan,600
A50L172,Air-ConditioningFan21,Air-Conditioning Fan,600
A50L172,Air-ConditioningFan51,Air-Conditioning Fan,530
EZ12538,ElectricFanU8,Electric Fan,980
EZ12538,ElectricFanE2,Electric Fan,820
EZ12538,ElectricFanS3,Electric Fan,30
EZ12538,ElectricFan12,Electric Fan,690
HD86793,HumidifierY5,Humidifier,580
HD86793,HumidifierE8,Humidifier,770
HD86793,HumidifierZ4,Humidifier,940
HD86793,HumidifierF6,Humidifier,810
HD86793,HumidifierY1,Humidifier,380
D51962U,DehumidifierK8,Dehumidifier,130
D51962U,Dehumidifier97,Dehumidifier,770
D51962U,DehumidifierT0,Dehumidifier,800
D51962U,DehumidifierG3,Dehumidifier,670
D51962U,DehumidifierP0,Dehumidifier,280
SW03642,SoyMilkMachineF7,Soy Milk Machine,670
SW03642,SoyMilkMachineM1,Soy Milk Machine,220
SW03642,SoyMilkMachine50,Soy Milk Machine,670
JS30927,JuicerJ9,Juicer,810
F24170J,FruitAndVegetableWashingMachineX6,Fruit And Vegetable Washing Machine,830
F24170J,FruitAndVegetableWashingMachineU6,Fruit And Vegetable Washing Machine,470
F24170J,FruitAndVegetableWashingMachineL2,Fruit And Vegetable Washing Machine,490
F24170J,FruitAndVegetableWashingMachineF9,Fruit And Vegetable Washing Machine,360
F24170J,FruitAndVegetableWashingMachineX1,Fruit And Vegetable Washing Machine,440
R81O564,RadioYogurtMakerP4,Radio Yogurt Maker,810
R81O564,RadioYogurtMaker75,Radio Yogurt Maker,890
R81O564,RadioYogurtMakerR4,Radio Yogurt Maker,180
R81O564,RadioYogurtMaker82,Radio Yogurt Maker,310
R81O564,RadioYogurtMaker92,Radio Yogurt Maker,90
C6C1349,CoffeeMachineL7,Coffee Machine,280
C6C1349,CoffeeMachineK4,Coffee Machine,540
C6C1349,CoffeeMachine86,Coffee Machine,950
E2L5374,ElectricKettleR3,Electric Kettle,350
V5W8496,VacuumCleaner75,Vacuum Cleaner,160
V5W8496,VacuumCleaner90,Vacuum Cleaner,510
V5W8496,VacuumCleaner07,Vacuum Cleaner,760
W05C734,WaterDispenserY1,Water Dispenser,420
W05C734,WaterDispenserI8,Water Dispenser,760
W05C734,WaterDispenser12,Water Dispenser,20
W05C734,WaterDispenserO9,Water Dispenser,690
H362I81,HairDryer59,Hair Dryer,850
H362I81,HairDryerX7,Hair Dryer,760
EE05684,ElectricIronB1,Electric Iron,680
EE05684,ElectricIron24,Electric Iron,550
EE05684,ElectricIronD7,Electric Iron,650
EE05684,ElectricIronD4,Electric Iron,320
AE80564,AirPurifierV6,Air Purifier,100
AE80564,AirPurifierO6,Air Purifier,990
AE80564,AirPurifierD4,Air Purifier,650
F1L0847,FootBathEyeProtectionLampG9,Foot Bath Eye Protection Lamp,390
F1L0847,FootBathEyeProtectionLamp74,Foot Bath Eye Protection Lamp,10
F1L0847,FootBathEyeProtectionLamp14,Foot Bath Eye Protection Lamp,550
T35X601,ToiletSeatU4,Toilet Seat,310
T35X601,ToiletSeatO7,Toilet Seat,630
T35X601,ToiletSeat05,Toilet Seat,10
T35X601,ToiletSeatC2,Toilet Seat,470
T35X601,ToiletSeatM4,Toilet Seat,110
R6713Q9,Razor72,Razor,80
E738Y40,ElectricToothbrushX5,Electric Toothbrush,410
E738Y40,ElectricToothbrush21,Electric Toothbrush,310
E4280M5,EpilatorW2,Epilator,450
E4280M5,EpilatorR1,Epilator,140
E4280M5,Epilator24,Epilator,320
E4280M5,EpilatorA8,Epilator,60
E4280M5,EpilatorO0,Epilator,550
M62870K,Massager63,Massager,670
M62870K,Massager82,Massager,390
M62870K,MassagerU3,Massager,290
P20O395,PedometerT4,Pedometer,890
P20O395,PedometerC2,Pedometer,460
P8130N9,PrinterH8,Printer,30
P8130N9,PrinterY4,Printer,720
L0X9362,LaserPrinterT5,Laser Printer,810
L0X9362,LaserPrinterC5,Laser Printer,550
IQ87164,InkjetPrintersS4,Inkjet Printers,520
IQ87164,InkjetPrintersW0,Inkjet Printers,780
M421X86,Multifunctional39,Multifunctional,570
M421X86,MultifunctionalF7,Multifunctional,290
M421X86,Multifunctional31,Multifunctional,800
M421X86,MultifunctionalT4,Multifunctional,920
M421X86,Multifunctional48,Multifunctional,910
L92148E,LargeFormatPrinter95,Large Format Printer,420
L92148E,LargeFormatPrinterT5,Large Format Printer,870
L92148E,LargeFormatPrinterD9,Large Format Printer,30
L92148E,LargeFormatPrinterW0,Large Format Printer,680
SB01298,Scanner21,Scanner,460
SB01298,Scanner43,Scanner,470
SB01298,Scanner87,Scanner,910
SB01298,ScannerO9,Scanner,370
F8E7125,FaxMachineCopierD4,Fax Machine Copier,170
F8E7125,FaxMachineCopierY2,Fax Machine Copier,710
F8E7125,FaxMachineCopierV8,Fax Machine Copier,110
D265U39,DyeSublimationPrinterW3,Dye Sublimation Printer,260
D265U39,DyeSublimationPrinter41,Dye Sublimation Printer,540
D265U39,DyeSublimationPrinterA3,Dye Sublimation Printer,840
D265U39,DyeSublimationPrinterY6,Dye Sublimation Printer,180
D8150P6,DotMatrixPrinterS4,Dot Matrix Printer,980
D8150P6,DotMatrixPrinter76,Dot Matrix Printer,190
D8150P6,DotMatrixPrinterK1,Dot Matrix Printer,110
D8150P6,DotMatrixPrinterV1,Dot Matrix Printer,230
L60241X,LabelPrinterA6,Label Printer,600
RC12709,ReceiptPrinter06,Receipt Printer,630
RC12709,ReceiptPrinter76,Receipt Printer,400
C9W7563,CardPrinterP8,Card Printer,980
L15649H,LinePrinterX7,Line Printer,760
L15649H,LinePrinter31,Line Printer,240
I291Q38,IsbnPrinterW6,Isbn Printer,130
I291Q38,IsbnPrinterA3,Isbn Printer,240
I41V392,InkCartridgeC4,Ink Cartridge,330
I41V392,InkCartridgeO9,Ink Cartridge,20
I41V392,InkCartridgeU4,Ink Cartridge,960
I41V392,InkCartridgeX2,Ink Cartridge,770
T0829X7,TonerCartridgeH6,Toner Cartridge,190
T0829X7,TonerCartridge29,Toner Cartridge,120
T0829X7,TonerCartridge96,Toner Cartridge,260
T0829X7,TonerCartridge20,Toner Cartridge,250
TF15948,Toner79,Toner,580
R04W892,Ribbon48,Ribbon,500
R04W892,Ribbon17,Ribbon,270
R04W892,RibbonS0,Ribbon,960
R04W892,RibbonD5,Ribbon,970
PY35974,PrintMediaD1,Print Media,310
PY35974,PrintMedia70,Print Media,30
PY35974,PrintMediaP9,Print Media,470
PY35974,PrintMediaL2,Print Media,770
PY35974,PrintMediaY8,Print Media,450
P1275R8,PrintServerX4,Print Server,120
P1275R8,PrintServer18,Print Server,770
P1275R8,PrintServer04,Print Server,150
P1275R8,PrintServerV0,Print Server,30
UL87156,UpsPowerShredderJ5,Ups Power Shredder,630
UL87156,UpsPowerShredder19,Ups Power Shredder,60
UL87156,UpsPowerShredder92,Ups Power Shredder,770
UL87156,UpsPowerShredderT7,Ups Power Shredder,270
UL87156,UpsPowerShredderT4,Ups Power Shredder,530
D7Y5182,DestroyEquipment06,Destroy Equipment,320
D7Y5182,DestroyEquipment65,Destroy Equipment,980
D7Y5182,DestroyEquipmentM9,Destroy Equipment,350
C63081N,CdDuplicator58,Cd Duplicator,500
C78629B,CdPrintRecorder59,Cd Print Recorder,590
C78629B,CdPrintRecorder57,Cd Print Recorder,680
C78629B,CdPrintRecorderL8,Cd Print Recorder,990
C78629B,CdPrintRecorder13,Cd Print Recorder,50
LR91308,LaminatingMachineE3,Laminating Machine,670
LR91308,LaminatingMachineV6,Laminating Machine,940
LR91308,LaminatingMachineY9,Laminating Machine,480
LR91308,LaminatingMachineC3,Laminating Machine,230
AA85346,All-In-OnePrintingMachineW9,All-In-One Printing Machine,420
AA85346,All-In-OnePrintingMachine57,All-In-One Printing Machine,440
C634K72,CashRegister62,Cash Register,390
C634K72,CashRegisterY2,Cash Register,900
C634K72,CashRegisterM3,Cash Register,270
C634K72,CashRegister06,Cash Register,740
C634K72,CashRegister74,Cash Register,560
MC32085,MoneyCounterA3,Money Counter,780
MC32085,MoneyCounter63,Money Counter,150
P02C741,PaperCutter64,Paper Cutter,100
P02C741,PaperCutterI4,Paper Cutter,420
P02C741,PaperCutterV5,Paper Cutter,190
P02C741,PaperCutter65,Paper Cutter,780
D1G4290,Digitizer39,Digitizer,700
D1G4290,Digitizer29,Digitizer,40
D1G4290,Digitizer56,Digitizer,100
D1G4290,Digitizer54,Digitizer,460
D1G4290,DigitizerX4,Digitizer,410
CY08734,CursorMarkingMachineR0,Cursor Marking Machine,790
CY08734,CursorMarkingMachine03,Cursor Marking Machine,780
CY08734,CursorMarkingMachineZ7,Cursor Marking Machine,610
CY08734,CursorMarkingMachine84,Cursor Marking Machine,790
C21057Z,CuttingPlotterD4,Cutting Plotter,30
L29837Y,LaserPointersAndPresentersE8,Laser Pointers And Presenters,430
L29837Y,LaserPointersAndPresentersS3,Laser Pointers And Presenters,410
L29837Y,LaserPointersAndPresentersD7,Laser Pointers And Presenters,520
L29837Y,LaserPointersAndPresentersV2,Laser Pointers And Presenters,480
C9520Y6,ColdLaminatorK3,Cold Laminator,140
C9520Y6,ColdLaminatorV6,Cold Laminator,890
C9520Y6,ColdLaminator86,Cold Laminator,420
C9520Y6,ColdLaminator63,Cold Laminator,830
L0528N6,LaminatorMoDrive26,Laminator Mo Drive,410
L0528N6,LaminatorMoDriveP4,Laminator Mo Drive,700
L0528N6,LaminatorMoDrive12,Laminator Mo Drive,630
L0528N6,LaminatorMoDriveH2,Laminator Mo Drive,770
B830R57,BarcodeAndCardReadingEquipment20,Barcode And Card Reading Equipment,300
B830R57,BarcodeAndCardReadingEquipment70,Barcode And Card Reading Equipment,630
B830R57,BarcodeAndCardReadingEquipment27,Barcode And Card Reading Equipment,800
B830R57,BarcodeAndCardReadingEquipment71,Barcode And Card Reading Equipment,960
B830R57,BarcodeAndCardReadingEquipment34,Barcode And Card Reading Equipment,790
P45Q120,PhotocopyingMachineS8,Photocopying Machine,230
BE04182,BindingMachine56,Binding Machine,10
BE04182,BindingMachineM0,Binding Machine,120
O9F4205,OfficeEquipmentAccessoriesI1,Office Equipment Accessories,720
O9F4205,OfficeEquipmentAccessories10,Office Equipment Accessories,20
O9F4205,OfficeEquipmentAccessories73,Office Equipment Accessories,470
O9F4205,OfficeEquipmentAccessories21,Office Equipment Accessories,820
O9F4205,OfficeEquipmentAccessories24,Office Equipment Accessories,720
H7Y6824,Hand-HeldGamingDeviceR5,Hand-Held Gaming Device,310
H7Y6824,Hand-HeldGamingDeviceO6,Hand-Held Gaming Device,840
H7Y6824,Hand-HeldGamingDeviceD7,Hand-Held Gaming Device,210
H7Y6824,Hand-HeldGamingDeviceN2,Hand-Held Gaming Device,470
H7Y6824,Hand-HeldGamingDeviceL3,Hand-Held Gaming Device,930
V968Q15,VideoGameControllerZ5,Video Game Controller,550
SY73215,SteeringWheel93,Steering Wheel,130
SY73215,SteeringWheel71,Steering Wheel,210
SY73215,SteeringWheel49,Steering Wheel,240
SY73215,SteeringWheelI5,Steering Wheel,310
G75X306,GameConsoleMemory17,Game Console Memory,410
GS13927,GamePackL5,Game Pack,970
GS13927,GamePackW4,Game Pack,320
G427L06,GameConsoleFilmN2,Game Console Film,260
G427L06,GameConsoleFilmN3,Game Console Film,10
G80142H,GameConsoleBatteryZ5,Game Console Battery,850
G80142H,GameConsoleBatteryB1,Game Console Battery,450
G80142H,GameConsoleBattery50,Game Console Battery,830
G80142H,GameConsoleBattery25,Game Console Battery,170
G9372K0,GameChargerG5,Game Charger,250
G9372K0,GameChargerA5,Game Charger,490
G9372K0,GameChargerN0,Game Charger,280
G9372K0,GameChargerZ3,Game Charger,850
G9372K0,GameChargerK2,Game Charger,910
G071O86,GameMachineWire98,Game Machine Wire,430
G071O86,GameMachineWire80,Game Machine Wire,860
G071O86,GameMachineWireH5,Game Machine Wire,490
G071O86,GameMachineWire89,Game Machine Wire,570
G8573U9,GameJoystick05,Game Joystick,360
G053V91,GameLightGunGamePeripheral93,Game Light Gun Game Peripheral,150
G053V91,GameLightGunGamePeripheralL5,Game Light Gun Game Peripheral,250
C96H382,ClusterH8,Cluster,580
C96H382,ClusterR4,Cluster,10
C96H382,Cluster15,Cluster,260
O36987R,OperatingSystemH9,Operating System,30
O36987R,OperatingSystemY5,Operating System,600
O8C6513,OfficeSoftwareD7,Office Software,170
O8C6513,OfficeSoftware20,Office Software,830
O8C6513,OfficeSoftwareS9,Office Software,170
O8C6513,OfficeSoftwareT1,Office Software,40
I1M6430,ImageSoftwareTypesettingSoftware28,Image Software Typesetting Software,890
I1M6430,ImageSoftwareTypesettingSoftwareP6,Image Software Typesetting Software,580
I1M6430,ImageSoftwareTypesettingSoftwareC6,Image Software Typesetting Software,350
A59027Z,AidedDesignV1,Aided Design,850
A59027Z,AidedDesign96,Aided Design,300
A59027Z,AidedDesign56,Aided Design,180
A59027Z,AidedDesign81,Aided Design,90
A59027Z,AidedDesign24,Aided Design,60
A392R56,AntivirusSoftware09,Antivirus Software,150
A392R56,AntivirusSoftwareP9,Antivirus Software,630
M4Y8765,MultimediaSoftwareA8,Multimedia Software,220
DR28405,DatabaseSoftware09,Database Software,180
DR28405,DatabaseSoftwareT5,Database Software,720
DR28405,DatabaseSoftwareO6,Database Software,450
S6I1543,SoftwareEncryption06,Software Encryption,850
S6I1543,SoftwareEncryption15,Software Encryption,690
S6I1543,SoftwareEncryptionY3,Software Encryption,340
S6I1543,SoftwareEncryptionI2,Software Encryption,320
S6I1543,SoftwareEncryptionP5,Software Encryption,600
TI26891,TeachingSoftwareO3,Teaching Software,90
TI26891,TeachingSoftware73,Teaching Software,210
TT21465,TranslationSoftware97,Translation Software,290
TT21465,TranslationSoftware03,Translation Software,560
TT21465,TranslationSoftware40,Translation Software,680
TT21465,TranslationSoftwareU0,Translation Software,880
C367T20,CommunicationSoftware13,Communication Software,350
C367T20,CommunicationSoftware60,Communication Software,560
C367T20,CommunicationSoftware34,Communication Software,850
D93P178,DevelopSoftware23,Develop Software,400
N2364L9,NetworkManagementAndBackupSoftwarevirtualizationSoftware51,Network Management And Backup Softwarevirtualization Software,100
SR61908,SaasSoftwareE0,Saas Software,300
SR61908,SaasSoftwareY1,Saas Software,670
SR61908,SaasSoftware94,Saas Software,640
SR61908,SaasSoftwareK7,Saas Software,970
SR61908,SaasSoftwareZ5,Saas Software,330
M48J309,MailServerSoftware74,Mail Server Software,770
R2I4560,RealEstateL1,Real Estate,100
R2I4560,RealEstateW0,Real Estate,70
HI14706,HotelEntertainment81,Hotel Entertainment,560
HI14706,HotelEntertainment63,Hotel Entertainment,90
HI14706,HotelEntertainmentV4,Hotel Entertainment,510
CS90168,CustomerManagementSoftwareCrm36,Customer Management Software Crm,650
CS90168,CustomerManagementSoftwareCrmW1,Customer Management Software Crm,230
CS90168,CustomerManagementSoftwareCrm50,Customer Management Software Crm,760
CS90168,CustomerManagementSoftwareCrm49,Customer Management Software Crm,210
S0912X5,ServerR5,Server,950
S0912X5,ServerO3,Server,920
S0912X5,Server43,Server,300
S0912X5,Server40,Server,220
S7843Q5,ServerMemory84,Server Memory,770
S7843Q5,ServerMemoryA4,Server Memory,220
S2501J4,ServerHardDriveJ1,Server Hard Drive,110
S2501J4,ServerHardDrive65,Server Hard Drive,920
S2501J4,ServerHardDrive17,Server Hard Drive,570
S2501J4,ServerHardDriveB3,Server Hard Drive,110
S40897X,ServerMotherboard86,Server Motherboard,930
S40897X,ServerMotherboardQ7,Server Motherboard,630
S40897X,ServerMotherboardY0,Server Motherboard,580
SE17564,ServerBarebonesT3,Server Barebones,270
SE17564,ServerBarebones96,Server Barebones,430
SE17564,ServerBarebonesM0,Server Barebones,790
SE17564,ServerBarebonesH4,Server Barebones,410
S92348F,ServerAccessories38,Server Accessories,530
S92348F,ServerAccessoriesO3,Server Accessories,70
S92348F,ServerAccessories10,Server Accessories,50
S92348F,ServerAccessoriesC2,Server Accessories,480
S7Z8134,ServerChassis71,Server Chassis,180
S7Z8134,ServerChassis79,Server Chassis,70
S7Z8134,ServerChassisH9,Server Chassis,490
S5291W4,ServerPowerH6,Server Power,870
S5291W4,ServerPower40,Server Power,450
S5291W4,ServerPowerO3,Server Power,810
S5291W4,ServerPower76,Server Power,710
S5291W4,ServerPowerV7,Server Power,430
W49310P,WirelessNetworkCardN4,Wireless Network Card,380
W49310P,WirelessNetworkCardL1,Wireless Network Card,610
W49310P,WirelessNetworkCardK0,Wireless Network Card,260
W49310P,WirelessNetworkCardX4,Wireless Network Card,350
W52V643,WirelessNetworkCard58,Wireless Network Card,1000
W52V643,WirelessNetworkCardD4,Wireless Network Card,660
WJ50817,WirelessAccessPointY0,Wireless Access Point,10
WJ50817,WirelessAccessPointZ1,Wireless Access Point,580
WJ50817,WirelessAccessPointR1,Wireless Access Point,650
WJ50817,WirelessAccessPoint23,Wireless Access Point,370
WM85971,WirelessRouter47,Wireless Router,570
AU79605,AntennaSystem39,Antenna System,470
P56U187,PowerAmplifier15,Power Amplifier,720
P56U187,PowerAmplifierJ9,Power Amplifier,380
P56U187,PowerAmplifierA3,Power Amplifier,280
W920W86,WirelessSecurity90,Wireless Security,400
W920W86,WirelessSecurityS4,Wireless Security,190
N89L425,NetworkCardZ5,Network Card,920
N89L425,NetworkCardC7,Network Card,930
N89L425,NetworkCardG1,Network Card,60
S3R8754,Switch59,Switch,180
R5F0782,RouterB5,Router,150
R5F0782,RouterX4,Router,920
R5F0782,Router92,Router,420
R5F0782,Router48,Router,1000
P9L0284,Program-ControlledSwitchS2,Program-Controlled Switch,700
P9L0284,Program-ControlledSwitchB0,Program-Controlled Switch,410
P9L0284,Program-ControlledSwitchZ8,Program-Controlled Switch,530
P9L0284,Program-ControlledSwitchS6,Program-Controlled Switch,610
P9L0284,Program-ControlledSwitchD8,Program-Controlled Switch,750
R54810N,RepeaterB1,Repeater,650
R54810N,Repeater97,Repeater,140
R54810N,Repeater18,Repeater,990
M859T76,ModularInterfaceCardHub96,Modular Interface Card Hub,80
M859T76,ModularInterfaceCardHub47,Modular Interface Card Hub,700
T0E9518,TesterO7,Tester,320
T0E9518,Tester74,Tester,550
T0E9518,Tester04,Tester,550
L85R920,LoadBalancingY3,Load Balancing,90
L85R920,LoadBalancingK8,Load Balancing,20
L85R920,LoadBalancing61,Load Balancing,190
L85R920,LoadBalancingY7,Load Balancing,140
L85R920,LoadBalancingD6,Load Balancing,450
T9508D4,TrafficManagementF4,Traffic Management,480
T9508D4,TrafficManagement93,Traffic Management,50
T9508D4,TrafficManagementN0,Traffic Management,620
C2056I7,Cabinet07,Cabinet,60
C2056I7,CabinetS3,Cabinet,650
C2056I7,CabinetZ3,Cabinet,370
C2056I7,Cabinet97,Cabinet,370
C2056I7,CabinetZ4,Cabinet,510
C04R672,ConverterR3,Converter,790
C04R672,Converter21,Converter,440
C04R672,ConverterE1,Converter,400
T1749L0,TransceiverU0,Transceiver,770
S2180L4,SerialCommunicationServerP5,Serial Communication Server,800
S2180L4,SerialCommunicationServerE9,Serial Communication Server,150
S2180L4,SerialCommunicationServer64,Serial Communication Server,460
S2180L4,SerialCommunicationServer74,Serial Communication Server,980
S2180L4,SerialCommunicationServerN8,Serial Communication Server,180
I072X68,IndustrialNetworkSwitchR2,Industrial Network Switch,320
I072X68,IndustrialNetworkSwitchA7,Industrial Network Switch,550
I357B21,InternetBehaviorManagement96,Internet Behavior Management,950
I357B21,InternetBehaviorManagementG2,Internet Behavior Management,250
FC40169,FunctionServerO8,Function Server,440
FC40169,FunctionServerE7,Function Server,720
BP82450,BillingSystemC5,Billing System,860
BP82450,BillingSystemI2,Billing System,660
BP82450,BillingSystem06,Billing System,370
PI37560,PowerLineCommunicationEquipment94,Power Line Communication Equipment,320
PI37560,PowerLineCommunicationEquipmentZ2,Power Line Communication Equipment,640
MM72065,Multiplexer89,Multiplexer,1000
MM72065,MultiplexerL4,Multiplexer,940
MM72065,MultiplexerL3,Multiplexer,700
F4K6753,FirewallX5,Firewall,590
A08264O,AntivirusAndEmailFiltering05,Antivirus And Email Filtering,870
A08264O,AntivirusAndEmailFiltering47,Antivirus And Email Filtering,220
A08264O,AntivirusAndEmailFilteringE7,Antivirus And Email Filtering,980
A08264O,AntivirusAndEmailFiltering70,Antivirus And Email Filtering,880
A08264O,AntivirusAndEmailFiltering80,Antivirus And Email Filtering,920
P41857Y,PhysicalSecurityIsolationN5,Physical Security Isolation,260
P41857Y,PhysicalSecurityIsolation71,Physical Security Isolation,620
P41857Y,PhysicalSecurityIsolation35,Physical Security Isolation,990
P41857Y,PhysicalSecurityIsolationD9,Physical Security Isolation,120
IZ80719,IntranetSecurityNetworkVulnerabilityScanningP0,Intranet Security Network Vulnerability Scanning,160
AE91287,ApplicationSupervision29,Application Supervision,890
T739U65,TapeDrivesH2,Tape Drives,840
T739U65,TapeDrives59,Tape Drives,500
T739U65,TapeDrivesG3,Tape Drives,370
C95F078,CasetteLibraryJ4,Casette Library,990
C95F078,CasetteLibraryT2,Casette Library,430
C95F078,CasetteLibrary26,Casette Library,920
C95F078,CasetteLibraryI1,Casette Library,460
C95F078,CasetteLibraryD5,Casette Library,520
D7903R1,DiskArray34,Disk Array,630
D7903R1,DiskArray38,Disk Array,60
D7903R1,DiskArray57,Disk Array,380
D7903R1,DiskArrayM7,Disk Array,990
H18Z450,HardDiskExtractionBoxA4,Hard Disk Extraction Box,880
H18Z450,HardDiskExtractionBox95,Hard Disk Extraction Box,410
H18Z450,HardDiskExtractionBox93,Hard Disk Extraction Box,840
N74Y235,NetworkExtenderA0,Network Extender,190
N74Y235,NetworkExtenderL1,Network Extender,830
N74Y235,NetworkExtenderB5,Network Extender,510
T5382D6,TapeS1,Tape,680
T5382D6,Tape53,Tape,370
I53862I,IntegratedWiringZ2,Integrated Wiring,30
C97014N,CableJ6,Cable,960
TS64823,TwistedPairW0,Twisted Pair,530
TS64823,TwistedPair02,Twisted Pair,410
TS64823,TwistedPairU0,Twisted Pair,830
FG91426,FiberEquipmentB0,Fiber Equipment,70
FG91426,FiberEquipmentH6,Fiber Equipment,190
FG91426,FiberEquipmentF2,Fiber Equipment,310
FG91426,FiberEquipmentC4,Fiber Equipment,160
FG91426,FiberEquipment38,Fiber Equipment,310
F40365I,FiberOpticCableT6,Fiber Optic Cable,740
F40365I,FiberOpticCable39,Fiber Optic Cable,910
F40365I,FiberOpticCableI3,Fiber Optic Cable,240
L47869Q,LightningProtectionProductsD6,Lightning Protection Products,520
L47869Q,LightningProtectionProducts26,Lightning Protection Products,30
L47869Q,LightningProtectionProductsE4,Lightning Protection Products,730
L47869Q,LightningProtectionProductsK9,Lightning Protection Products,760
L47869Q,LightningProtectionProductsV0,Lightning Protection Products,820
P3650F7,PrecisionAirConditionerK9,Precision Air Conditioner,180
P3650F7,PrecisionAirConditionerI6,Precision Air Conditioner,340
P3650F7,PrecisionAirConditionerK4,Precision Air Conditioner,780
P3650F7,PrecisionAirConditioner90,Precision Air Conditioner,350
P3650F7,PrecisionAirConditionerG9,Precision Air Conditioner,940
S86042Z,SecurityCameraY2,Security Camera,400
S86042Z,SecurityCameraS5,Security Camera,160
S86042Z,SecurityCamera42,Security Camera,220
S86042Z,SecurityCamera25,Security Camera,650
D56294N,DvrL0,Dvr,210
D56294N,DvrE9,Dvr,100
V0W6342,VideoServerD1,Video Server,880
V0W6342,VideoServer94,Video Server,560
V0W6342,VideoServerY0,Video Server,830
V0W6342,VideoServer62,Video Server,420
V0W6342,VideoServerX4,Video Server,1000
SK73928,SurveillanceCaptureCardO3,Surveillance Capture Card,240
SK73928,SurveillanceCaptureCardD5,Surveillance Capture Card,640
SK73928,SurveillanceCaptureCard79,Surveillance Capture Card,550
OP18549,OpticalTransceiver76,Optical Transceiver,720
OP18549,OpticalTransceiver15,Optical Transceiver,420
OP18549,OpticalTransceiver40,Optical Transceiver,370
OP18549,OpticalTransceiver46,Optical Transceiver,990
M85D039,MonitorO3,Monitor,380
M85D039,Monitor75,Monitor,850
M85D039,MonitorH7,Monitor,10
S7K6834,ScreenSplitterA3,Screen Splitter,190
S7K6834,ScreenSplitterX5,Screen Splitter,330
S7K6834,ScreenSplitterN4,Screen Splitter,340
S7K6834,ScreenSplitter58,Screen Splitter,950
S7K6834,ScreenSplitterB7,Screen Splitter,580
V0147T3,VideoDistributorZ5,Video Distributor,1000
V0147T3,VideoDistributorR8,Video Distributor,50
C45R631,Codec76,Codec,820
C45R631,CodecH2,Codec,920
C45R631,Codec97,Codec,650
C2B7139,CentralControlSystem74,Central Control System,630
C2B7139,CentralControlSystemU8,Central Control System,470
C2B7139,CentralControlSystemO7,Central Control System,650
T1R9247,TvWallQ1,Tv Wall,520
T1R9247,TvWall19,Tv Wall,350
C2698S3,ConsoleA3,Console,690
C2698S3,Console71,Console,210
S15H647,SurveillanceAroundN5,Surveillance Around,150
A4A8763,AttendanceMachine76,Attendance Machine,390
A4A8763,AttendanceMachineW1,Attendance Machine,720
A4A8763,AttendanceMachine24,Attendance Machine,600
A58192Z,AccessControlMachineA8,Access Control Machine,980
A58192Z,AccessControlMachineY2,Access Control Machine,510
A58192Z,AccessControlMachine78,Access Control Machine,580
A58192Z,AccessControlMachineK1,Access Control Machine,320
T7E2913,TollMachineH9,Toll Machine,880
T7E2913,TollMachineJ1,Toll Machine,90
T7E2913,TollMachineU6,Toll Machine,20
T7E2913,TollMachine89,Toll Machine,150
T7E2913,TollMachine62,Toll Machine,280
A094G67,AccessController53,Access Controller,660
A4158M9,AccessControlSystem78,Access Control System,840
B239N58,BuildingIntercom75,Building Intercom,710
B239N58,BuildingIntercom04,Building Intercom,900
B239N58,BuildingIntercomO1,Building Intercom,770
B239N58,BuildingIntercom95,Building Intercom,910
A37260X,Anti-TheftAlarmHostW0,Anti-Theft Alarm Host,680
A37260X,Anti-TheftAlarmHost50,Anti-Theft Alarm Host,500
A37260X,Anti-TheftAlarmHost23,Anti-Theft Alarm Host,220
A37260X,Anti-TheftAlarmHostN4,Anti-Theft Alarm Host,880
A37260X,Anti-TheftAlarmHost87,Anti-Theft Alarm Host,140
IY01329,InductionDetector38,Induction Detector,480
I36Z941,ImageAlarmA1,Image Alarm,410
I36Z941,ImageAlarmM3,Image Alarm,310
I36Z941,ImageAlarm30,Image Alarm,150
I36Z941,ImageAlarm54,Image Alarm,310
I36Z941,ImageAlarm41,Image Alarm,160
ER04531,ElectricFencF6,Electric Fenc,270
